entity_urn,United States Sales,United States Engineering,description,country_multiplier,sales_ratio,adj_hc_ratio,investor_1,investor_2,Prior VC Backed Founder_count,Deep Technical Background_count,Prior Exit_count,Elite Industry Experience_count,company_region,headcount_0m,headcount_growth_1m,headcount_growth_3m,headcount_growth_6m,headcount_growth_12m,headcount_monotonicity,headcount_concavity,max_headcount,earliest_valid_month,num_valid_months,headcount_volatility_score,trailing_growth_avg,trailing_growth_std,trailing_growth_min,trailing_growth_max,current_max_ratio,linkedin_follower_count_0m,linkedin_follower_growth_1m,linkedin_follower_growth_3m,linkedin_follower_growth_6m,linkedin_follower_growth_12m,linkedin_employees,linkedin_follower_count_max,linkedin_follower_peak_month,linkedin_current_peak_count_ratio,linkedin_follower_count_volatility,linkedin_follower_trend,followers_per_linkedin_employee,twitter_follower_count_0m,twitter_follower_count_max,twitter_follower_peak_month,twitter_current_peak_ratio,twitter_follower_count_volatility,twitter_follower_trend,emps/year,emps/funds_m,adj_emp_delta_6m,adj_emp_delta_12m,emp_highlight_count,funding_total,last_funding_type,last_funding_total,funding_stage,years_since_funding,hc_adds_since_funding,adj_hc_ratio,years_since_founding,dominant_function,business_function_entropy,dominant_emp_role,emp_role_entropy,ownership_status,gpt_sector,top_region,num_investors,employee_highlight_YC Backed Founder,employee_highlight_Prior VC Backed Executive,employee_highlight_Founder Turned Operator,employee_highlight_Current Student,employee_highlight_HBCU Alum,employee_highlight_Jack of All Trades,employee_highlight_money_club_count,employee_highlight_seasoned_count,employee_highlight_top_institution_experience_count,num_unique_vc_backers
urn:harmonic:company:1443095,4,23,"Hebbia provides an AI-driven platform that automates knowledge work by utilizing large language model technologies to extract, structure, and analyze various document types, thereby streamlining complex workflows. The platform emphasizes transparency and security, making it suitable for enterprise-level applications.",1.0,0.16339869281045752,0.9870967741935485,3,0,7,3,2,4,North America,101,1.0,1.1538461446762085,1.875,2.142857074737549,0.9166666666666666,0.6363636363636364,31.0,17,18,1.5752915696504457,1.7800086487586488,1.89388966069114,1.0,7.769230769230769,3.2580645161290325,23548,1.2566585540771484,2.2370688915252686,3.8091742992401123,12.814814567565918,31.0,23548.0,0,1.0,5453.3585681855375,467.6264189886476,6.634124559885901,4562.0,4562.0,0,1.0,1014.7839019451673,86.78534571723421,3.4499054820415878,0.4823151125401929,6.909677419354839,7.896774193548388,80,31.1,SERIES_A,28100000.0,SERIES_B,2.4695414099931554,7.0,0.9870967741935485,4.347945205479452,sales,0.7963116401738131,Engineering,1.296886433752774,PRIVATE,Other,North America,18,2,3,2,0,0,0,3,10,62,18
urn:harmonic:company:1990249,1,1,"Axion Ray provides an AI-driven platform designed for the early detection of quality issues in manufacturing, utilizing natural language processing and data aggregation for automated trend analysis. This technology aims to deliver real-time insights that enhance product quality and reduce downtime.",1.0,0.09009009009009007,0.85,1,0,0,5,0,9,North America,215,0.9473684430122375,0.8571428656578064,1.2000000476837158,1.7999999523162842,0.8333333333333334,0.5454545454545454,18.0,17,18,1.950925472482666,2.0186015373515374,2.604266478544267,0.75,10.238095238095237,11.944444444444445,3834,1.0292478799819946,1.0883651971817017,1.3761638402938843,1.806846022605896,0.0,3834.0,0,1.0,817.9220443222173,88.72239422084621,,,,,,,,4.540428472702143,18.0,2.55,6.8,54,0.4218499999999999,SERIES_A,5100000.0,SERIES_A,2.2313483915126624,16.0,0.85,3.9643835616438357,business_development,0.45056120886630463,Operations,1.810614474895723,PRIVATE,Vertical Software,North America,10,0,8,0,1,0,0,0,20,34,10
urn:harmonic:company:3075425,0,1,"The company provides an AI-driven decision support system designed for omni-channel retailers, utilizing advanced machine learning to produce precise demand signals and optimize inventory management. This technology addresses challenges related to excess inventory and overproduction, aiming to improve profit margins and decrease on-hand stock.",1.0,0.0,0.8481481481481482,1,0,1,4,0,2,North America,49,1.0625,1.1333333253860474,1.1333333253860474,2.125,0.75,0.36363636363636365,27.0,17,18,0.7454170775234781,1.4221730475406946,0.608073899682299,0.9411764705882353,3.2666666666666666,1.8148148148148149,5935,1.0238248109817505,1.0988250970840454,1.2679425477981567,1.5244487524032593,27.0,5935.0,0,1.0,1144.7921065941455,120.55727554179556,5.397324408233688,,,,,,,3.823166974738139,2.328767123287671,1.6962962962962964,7.633333333333334,38,7.3,SERIES_1,6300000.0,SERIES_A,2.43668720054757,11.0,0.8481481481481482,4.446575342465754,sales,0.0,Advisor,1.7052040713947592,PRIVATE,Other,North America,18,1,9,0,0,0,0,1,26,24,18
urn:harmonic:company:10819970,1,3,"The product specializes in transforming unstructured data from diverse formats, such as HTML and PDFs, into structured JSON files that are compatible with AI applications. It utilizes open-source technologies for data ingestion and preprocessing, enabling seamless integration of complex data into enterprise systems.",1.0,0.09009009009009007,0.85,3,0,1,5,0,4,North America,79,1.0,1.100000023841858,1.0666667222976685,,0.75,0.5454545454545454,11.0,6,4,1.3376110424661471,,,,,7.181818181818182,17285,1.073770523071289,,,,0.0,17285.0,0,1.0,9854.831522321085,,,5306.0,5306.0,0,1.0,3054.7661667193665,,3.710720887245841,11.0,0.5843754571629446,,63,0.4218499999999999,EARLY_STAGE_VC,,SERIES_B,2.299794661190965,0.6875005378387584,0.85,2.9643835616438357,business_development,0.45056120886630463,Engineering,1.649848467043874,PRIVATE,Data,North America,21,0,12,0,0,0,0,1,34,43,22
urn:harmonic:company:3928206,1,1,"SmarterDx provides a clinical AI solution that analyzes patient charts and electronic medical records, utilizing over 30,000 data points to enhance diagnosis documentation and identify missed revenue opportunities. The technology integrates seamlessly into existing healthcare workflows, improving revenue integrity and streamlining clinical documentation processes.",1.0,0.09009009009009007,0.85,3,0,2,6,1,5,North America,102,0.875,1.1666666269302368,2.3333332538604736,,1.0,0.25,7.0,7,8,1.9536315888210984,4.735238095238095,6.875284863197551,1.1428571428571428,17.0,14.571428571428571,3744,1.0803571939468384,1.4756097793579102,2.2407407760620117,,0.0,3744.0,0,1.0,1298.730671518486,,,,,,,,,1.4092664092664093,1.172529313232831,3.4,,47,5.97,SERIES_1,5970000.0,SERIES_B,2.5763175906913074,4.0,0.85,4.967123287671233,business_development,0.45056120886630463,Data,1.9324693882241912,PRIVATE,Healthcare Software,North America,7,0,14,0,0,1,0,2,34,19,8
urn:harmonic:company:1974779,6,4,"The main product is a cloud-based software platform designed for finance teams in government, higher education, and healthcare, facilitating the management of debt, leases, and subscriptions while ensuring compliance with GASB 87 and GASB 96. It incorporates automation for reporting processes and enables collaborative data management to enhance operational efficiency.",1.0,0.09009009009009007,0.85,0,0,0,0,0,1,North America,145,1.0493826866149902,1.1643835306167603,1.5740740299224854,2.297297239303589,1.0,0.5454545454545454,85.0,17,18,0.5364076916372867,1.2942667609917506,0.23857761070794928,1.0909090909090908,1.9863013698630136,1.7058823529411764,3193,1.051383376121521,1.173098087310791,1.399999976158142,1.9630995988845825,0.0,3193.0,0,1.0,624.1336400592382,74.90918472652216,,91.0,91.0,0,1.0,21.598781283701555,3.353973168214655,14.244719926538108,7.588879167187472,26.349999999999998,40.8,15,11.2006,EARLY_STAGE_VC,7500000.0,SERIES_A,2.327173169062286,66.0,0.85,5.967123287671233,business_development,0.45056120886630463,Customer Success,1.5812475036363791,PRIVATE,Vertical Software,North America,5,0,4,0,0,1,0,0,20,10,5
urn:harmonic:company:6585,2,6,"Freshpaint provides a healthcare privacy platform that replaces non-compliant tracking technologies to ensure HIPAA compliance by automatically blocking sensitive data. The platform employs autotracking, precision tracking, and secure server-side connections to integrate with analytics and advertising tools while maintaining patient privacy.",1.0,0.3203661327231121,0.9711111111111111,2,0,1,1,1,3,North America,87,1.1111111640930176,1.2121212482452393,1.8181818723678589,1.8181818723678589,0.8333333333333334,0.45454545454545453,45.0,17,18,0.6149256676527391,1.2989197095175353,0.4542574373274821,0.9565217391304348,2.6363636363636362,1.9333333333333333,5697,1.1156601905822754,1.2281689643859863,1.713836431503296,2.5829384326934814,45.0,5697.0,0,1.0,1187.4415843905203,161.0196078431372,4.848900370910689,257.0,257.0,0,1.0,52.06770353716387,5.5149638802889545,6.703397612488522,1.2578616352201257,17.48,17.48,33,31.8,DEBT_FINANCING,5000000.0,SERIES_B,2.0917180013689256,29.0,0.9711111111111111,5.967123287671233,sales,0.8982053397041498,Engineering,1.7388554151788567,PRIVATE,Data,North America,8,2,13,0,1,0,0,1,28,17,8
urn:harmonic:company:1678507,0,1,"The product is an AI-driven platform for healthcare documentation that provides real-time transcription and coding assistance, aimed at improving efficiency and compliance in medical workflows. It employs advanced speech recognition and multi-modal technologies to integrate with electronic medical records across various specialties.",1.0,0.0,0.9538461538461539,1,0,3,1,0,7,North America,122,6.5,6.5,4.666666507720947,,0.3333333333333333,1.0,26.0,6,7,2.352996495482678,21.0,34.64101615137755,1.0,61.0,4.6923076923076925,12125,,,,,26.0,12125.0,0,1.0,,,6.147070211887129,,,,,,,2.6172090457804744,0.5,9.742857052355394,,55,26.0,SERIES_A,26000000.0,SERIES_B,2.132785763175907,10.214285619404848,0.9538461538461539,4.967123287671233,sales,0.0,Engineering,1.6007604218884992,PRIVATE,Healthcare Software,North America,15,0,6,0,0,0,0,1,22,42,15
urn:harmonic:company:802310,1,2,SafeBase offers a Trust Center Platform that automates the security review process by leveraging AI to handle complex security questionnaires efficiently. The platform integrates with various workflow tools and provides analytics to improve the transparency and effectiveness of security assessments.,1.0,0.11363636363636365,0.9103448275862068,2,0,8,1,1,4,North America,89,1.0714285373687744,1.1538461446762085,1.5,3.0,1.0,0.5454545454545454,58.0,17,18,0.6635107148556318,1.425517427726571,0.35570643913591177,1.0714285714285714,2.282051282051282,1.5344827586206897,5979,1.0505772829055786,1.2647253274917603,1.5911740064620972,2.4980392456054688,58.0,5979.0,0,1.0,1237.9560425954924,156.94530443756443,4.645219468250007,118.0,118.0,0,1.0,28.665526653118615,4.224974200206399,9.059569773855488,2.2360248447204967,13.655172413793103,27.310344827586206,59,20.125,SERIES_A,18000000.0,SERIES_B,2.7789185489390826,38.0,0.9103448275862068,4.967123287671233,sales,0.6890092384766586,Advisor,1.9559697125536484,PRIVATE,Cybersecurity,North America,15,2,18,0,0,0,0,5,31,30,15
urn:harmonic:company:1450255,0,4,"FlutterFlow is an application development platform that enables users to build native mobile and web applications through a visual interface featuring drag-and-drop functionality, data integration, and options for custom coding. It utilizes technologies such as Firebase for real-time data connectivity and offers a library of pre-designed components to facilitate deployment across multiple devices.",1.0,0.037453183520599245,0.6675000000000001,1,0,8,6,0,1,North America,167,1.0,1.2272727489471436,1.5882352590560913,2.700000047683716,1.0,0.45454545454545453,40.0,17,18,1.6229238356261175,1.8513350619968267,1.8101810491179482,1.1818181818181819,7.590909090909091,4.175,42916,1.1074692010879517,1.6132872104644775,3.1523261070251465,8.13621711730957,40.0,42916.0,0,1.0,9773.400004453866,1179.5232198142417,6.979052160864171,25595.0,25595.0,0,1.0,5579.533682813203,722.6640866873064,6.535145888594164,27.0,6.675000000000001,11.347500000000002,47,0.125,SEED,125000.0,SERIES_A,2.5489390828199863,22.0,0.6675000000000001,4.131506849315069,business_development,0.8744400947413469,Engineering,1.5620200737915484,PRIVATE,Infrastructure,Asia,12,5,0,0,1,0,0,3,5,32,11
urn:harmonic:company:2003862,2,4,Method Financial provides a debt-agnostic API that enables real-time access to liability data and facilitates seamless payments across various debt types through account linking and multi-factor authentication. The platform supports instant payment settlement and balance transfers while ensuring compliance management.,1.0,0.10989010989010989,1.0,4,0,2,0,0,4,North America,45,1.1538461446762085,1.3043478727340698,1.1538461446762085,3.3333332538604736,0.5833333333333334,0.7272727272727273,30.0,17,18,0.5846744379809042,1.4996869427815718,0.7385679256981245,0.8846153846153846,2.888888888888889,1.5,2838,1.0610432624816895,1.141492486000061,1.2687458992004395,5.6070380210876465,27.0,2838.0,0,1.0,778.3429776452494,132.88544891640868,4.664486763144511,204.0,208.0,1,0.9807692307692307,87.41105656870597,14.284829721362234,7.567380787836904,1.310615989515072,4.0,21.0,38,22.89,SERIES_A,16000000.0,SERIES_B,1.8973305954825461,21.0,1.0,3.9643835616438357,business_development,1.2658567518727373,Advisor,1.672436291529943,PRIVATE,FinTech,North America,16,3,8,0,0,0,0,0,14,26,16
urn:harmonic:company:1520412,6,3,"Taktile provides a decision design platform tailored for credit and risk teams, facilitating the creation and assessment of automated decision flows through the integration of diverse data sources. The platform employs automation and real-time risk management technologies to enhance decision-making processes in financial institutions.",1.0,0.17699115044247787,0.6848484848484849,2,0,1,2,0,6,North America,101,0.9444444179534912,1.0,1.1147540807724,1.4166666269302368,1.0,0.36363636363636365,68.0,17,18,0.3111606773471409,1.1673437702110805,0.11650715010537017,1.0454545454545454,1.4852941176470589,1.4852941176470589,11832,1.0711147785186768,1.1367875337600708,1.2074848413467407,1.439947485923767,66.0,11832.0,0,1.0,2353.316383319506,402.80908152734776,5.194470855721425,143.0,143.0,0,1.0,30.41929212413289,3.9504643962848287,13.690016547159406,2.13916528512242,4.793939393939395,13.696969696969699,61,31.7881,SERIES_A,20000000.0,SERIES_A,2.0752908966461328,40.0,0.6848484848484849,4.967123287671233,business_development,0.9120599268955134,Sales,1.5334139961249886,PRIVATE,FinTech,Europe,12,2,12,0,0,0,0,1,27,42,13
urn:harmonic:company:34985134,2,0,"Owner.com provides a restaurant marketing platform that facilitates direct online sales through features such as automated search engine optimization, branded mobile applications, and customer rewards systems. This technology aims to minimize reliance on third-party services, enabling restaurants to have more control over their sales processes and customer relationships.",1.0,0.2623456790123457,0.9391304347826086,1,0,2,0,0,1,North America,86,,1.100000023841858,1.0666667222976685,,0.75,0.5454545454545454,86.0,6,2,0.045619829174732354,,,,,1.0,13635,,,,,69.0,13635.0,0,1.0,,,5.291336535406696,1784.0,1784.0,0,1.0,,,12.34368855682265,1.382636655948553,5.047830035926006,,17,62.2,SERIES_B,33000000.0,SERIES_B,0.8843258042436687,5.375004204921211,0.9391304347826086,6.967123287671233,sales,0.9217999587117628,Operations,1.2508890175891656,PRIVATE,Vertical Software,North America,36,0,8,0,0,0,0,0,23,8,37
urn:harmonic:company:10356056,2,6,"Adonis provides a healthcare revenue cycle management software that leverages predictive analytics and artificial intelligence to optimize billing processes and automate administrative tasks. The platform integrates with existing systems to deliver real-time revenue insights, enhancing financial outcomes and operational efficiency.",1.0,0.12422360248447203,0.9252873563218392,5,0,1,0,0,6,North America,158,1.0275229215621948,1.0873786211013794,2.9473683834075928,11.199999809265137,1.0,0.5454545454545454,112.0,15,16,1.0063883520515695,2.0646457643564324,0.7863042904582223,1.1595744680851063,3.9166666666666665,1.4107142857142858,4151,1.1259727478027344,1.163901448249817,2.232401132583618,7.982758522033691,87.0,4151.0,0,1.0,1079.1405222058277,176.87719298245617,3.8859386201736608,31.0,32.0,5,0.96875,0.4879500364742666,,37.781885397412196,4.890829694323145,68.4712643678161,94.3793103448276,44,22.9,SERIES_A,17300000.0,SERIES_B,1.6372347707049966,109.0,0.9252873563218392,2.9643835616438357,business_development,1.542181820943941,Advisor,1.750243959745391,PRIVATE,Healthcare Software,North America,18,0,13,0,0,0,1,0,37,26,20
urn:harmonic:company:2178345,2,3,"Metaplane provides a data observability platform that automates incident detection, impact analysis, and root cause diagnosis for data teams, utilizing no-code testing and machine learning-based monitoring technologies. The platform includes features for maintaining data quality, such as data CI/CD processes and automated alerting, to help prevent issues within data warehouses.",1.0,0.09009009009009007,0.85,3,0,3,0,0,1,North America,30,1.0909091234207153,0.9230769276618958,1.2000000476837158,2.0,0.9166666666666666,0.5454545454545454,12.0,14,15,0.6328406101313512,1.4576617826617826,0.41591379606717904,0.8461538461538461,2.3076923076923075,2.5,4225,1.048387050628662,1.2133333683013916,2.1261682510375977,4.490131378173828,0.0,4225.0,0,1.0,972.1632900392814,122.17853457172343,,368.0,368.0,0,1.0,99.81092014514134,16.490884072927418,2.0110192837465566,12.0,1.7,5.1,39,0.4218499999999999,SEED,,SERIES_A,3.885010266940452,9.0,0.85,5.967123287671233,business_development,0.45056120886630463,Engineering,1.6598763223689337,PRIVATE,Data,North America,19,4,6,0,0,0,0,3,20,29,19
urn:harmonic:company:169426,0,6,"Gather AI offers a drone-based inventory management system that automates the collection and analysis of inventory data, enhancing accuracy and visibility in warehouse operations. The solution includes a centralized dashboard for real-time issue resolution, which aims to improve productivity and operational efficiency.",1.0,0.04926108374384236,0.8826086956521739,2,0,0,4,1,2,North America,56,1.0,1.097561001777649,1.1842105388641357,1.451612949371338,0.9166666666666666,0.6363636363636364,46.0,17,18,0.21179592188305169,1.140865260733637,0.09876426115686154,1.0,1.3658536585365855,1.2173913043478262,5026,1.131338357925415,1.3220009803771973,1.866940975189209,2.7634518146514893,46.0,5026.0,0,1.0,1019.2390936700572,151.90196078431373,4.702849099627967,101.0,101.0,0,1.0,6.500125690086931,1.1568627450980375,5.648211829436039,2.0380065578522126,6.178260869565218,12.356521739130436,54,22.0804,SERIES_A,10000000.0,SERIES_A,2.2012320328542097,17.0,0.8826086956521739,7.967123287671233,business_development,0.8305178252872478,Engineering,1.5846204709440854,PRIVATE,Other,North America,12,0,17,0,0,0,0,0,19,34,12
urn:harmonic:company:4411539,3,6,"The Halcyon platform offers anti-ransomware protection through a multi-layered strategy that incorporates pre-execution detection, behavioral modeling, and automated recovery processes. It employs Capsule Networks AI micro-models to strengthen its defenses against ransomware threats in enterprise settings.",1.0,0.25784753363228696,0.9695652173913044,2,0,2,5,1,2,North America,222,1.017241358757019,1.017241358757019,1.4390244483947754,,1.0,0.2,92.0,8,9,0.845510572356783,1.7156210424573193,1.0565824226048135,1.0357142857142858,3.8275862068965516,2.4130434782608696,9539,1.0336757898330688,1.2049235105514526,1.64486825466156,,92.0,9539.0,0,1.0,2786.356312462568,,4.650953764511824,908.0,908.0,0,1.0,288.97885351315546,,18.172995780590718,59.0,17.45217391304348,,48,0.4218499999999999,EARLY_STAGE_VC,,SERIES_C,,36.345991561181435,0.9695652173913044,3.2465753424657535,sales,0.6540548103069317,Sales,1.8133279617785694,PRIVATE,Cybersecurity,Asia,14,0,30,0,0,0,0,2,40,18,15
urn:harmonic:company:10937753,0,3,"Yurts offers an AI platform that integrates AI assistants with secure data sources, utilizing Large Language Models and Generative AI to improve enterprise knowledge management and streamline workflows. Key features include context-aware search, secure deployment, and adherence to data privacy regulations.",1.0,0.0,1.0,1,0,1,7,0,3,North America,54,1.0,1.5384615659713745,2.0,3.3333332538604736,1.0,0.8,33.0,13,14,0.9318896264181092,1.6434565434565436,0.8658314255986368,1.1666666666666667,4.153846153846154,1.6363636363636365,2509,1.0,1.495652198791504,3.4262948036193848,8.037383079528809,33.0,2509.0,0,1.0,643.2866160038388,76.49742002063982,4.344198890282919,50.0,50.0,0,1.0,15.160255055022436,,8.102108768035515,1.0869565217391306,10.0,14.0,49,18.4,SERIES_A,16000000.0,SERIES_B,1.2484599589322383,14.0,1.0,2.4684931506849317,business_development,0.5623351446188083,Engineering,1.7864669523052654,PRIVATE,Infrastructure,North America,8,0,9,0,0,0,0,1,18,31,7
urn:harmonic:company:8986281,1,3,"The platform leverages DNS activity to create behavioral fingerprints of attacker tactics, enabling real-time threat detection and prevention. It integrates with existing security systems to enhance proactive threat hunting and brand protection capabilities.",1.0,0.09009009009009007,0.85,0,0,2,0,0,2,North America,42,0.9655172228813171,1.0370370149612427,1.399999976158142,,1.0,0.4,28.0,8,9,0.2764598692131842,1.327239216274304,0.1965520782089395,1.0740740740740742,1.5555555555555556,1.5,4087,1.2114624977111816,1.2691510915756226,2.1508772373199463,,0.0,4087.0,0,1.0,1138.0771063508835,,,559.0,559.0,0,1.0,53.59674534065582,,5.637065637065637,2.8,6.8,,27,10.0,SEED,10000000.0,SERIES_A,1.516769336071184,9.0,0.85,4.967123287671233,business_development,0.45056120886630463,Engineering,1.540737067461622,PRIVATE,Cybersecurity,North America,4,0,13,0,0,0,1,1,22,11,4
urn:harmonic:company:9609784,2,10,"Doppel provides an AI-driven platform designed for brand protection, focusing on the identification and removal of digital threats such as phishing and impersonation across multiple online channels. The technology utilizes advanced AI models, computer vision, and natural language processing to facilitate effective detection and swift response to emerging threats.",1.0,0.09009009009009007,0.85,4,0,0,0,0,4,North America,148,1.2857142686843872,1.3333333730697632,2.0,,1.0,0.6666666666666666,36.0,9,10,1.2409040547827244,2.095034595034595,1.5282653652027247,1.0769230769230769,5.481481481481482,4.111111111111111,3796,1.1469932794570923,1.1802903413772583,1.3171355724334717,,0.0,3796.0,0,1.0,847.8454785841318,,,1724.0,1724.0,0,1.0,787.1089681726271,,12.144177449168208,7.2,15.299999999999999,,54,5.0,SEED,5000000.0,SEED,2.5763175906913074,23.0,0.85,2.9643835616438357,business_development,0.45056120886630463,Engineering,1.6802276828370548,PRIVATE,Cybersecurity,North America,31,0,6,0,0,0,0,0,17,50,29
urn:harmonic:company:1836165,1,3,"TurbineOne offers a Frontline Perception System (FPS) that provides situational awareness in dangerous environments through a wearable, on-body operating system. The system utilizes Massive Open Systems Architecture, Sensor Data Fusion, and Machine Learning applications to enable smart-alerts for unseen dangers and improve algorithms in the field.",1.0,0.0,1.0,2,0,0,1,0,0,North America,33,1.0,1.1333333253860474,1.2142857313156128,1.545454502105713,0.6666666666666666,0.8181818181818182,18.0,17,18,0.3918879738325276,1.1957251082251081,0.34538814824666453,0.9166666666666666,2.2,1.8333333333333333,2386,1.0,1.0526316165924072,1.1287988424301147,1.3333333730697632,18.0,2386.0,0,1.0,423.55651057097316,46.49535603715169,4.894517537758934,43.0,43.0,0,1.0,6.587024281789835,1.0681114551083595,4.288182446440913,4.250009562521516,3.0,6.0,17,3.999991,SEED,3999991.0,SERIES_A,2.4722792607802875,7.0,1.0,3.9643835616438357,business_development,0.8018185525433373,Engineering,1.6963659864523737,PRIVATE,Other,North America,5,0,2,0,0,0,1,0,18,14,6
urn:harmonic:company:800838,1,0,"Luminai provides automation solutions that utilize artificial intelligence to enhance business processes in sectors such as retail, healthcare, and financial services. The technology focuses on improving operational efficiency, productivity, compliance, and safety within organizations.",1.0,0.0,0.9357142857142857,5,1,0,3,0,6,North America,40,0.9642857313156128,0.9642857313156128,0.931034505367279,1.350000023841858,0.6666666666666666,0.6363636363636364,28.0,17,18,0.3416762110292956,1.22956369842052,0.274467015789353,0.9655172413793104,1.7692307692307692,1.4285714285714286,4034,1.0462490320205688,1.0652576684951782,1.142345905303955,2.887437105178833,28.0,4034.0,0,1.0,1100.8440151772793,196.96697626418995,4.977226231965126,517.0,517.0,0,1.0,148.49462480093763,26.066047471620244,5.122141372141372,0.6666666666666666,-1.8714285714285714,6.55,59,40.5,SERIES_A,16000000.0,SERIES_A,2.529774127310062,19.0,0.9357142857142857,5.271232876712329,business_development,0.8921178708188162,Engineering,1.6823663477897173,PRIVATE,Horizontal Software,Europe,19,2,15,1,3,0,1,0,32,37,19
urn:harmonic:company:6665887,0,0,"Gravity Climate offers a carbon management platform that automates data collection and enhances sustainability reporting, allowing organizations to accurately measure carbon emissions and execute energy efficiency projects. The platform utilizes advanced technologies to optimize energy management and support emission reduction initiatives.",1.0,0.09009009009009007,0.85,1,0,0,0,0,4,North America,37,1.0,1.0,0.9375,0.9375,0.4166666666666667,0.45454545454545453,15.0,16,17,0.3605472694754941,1.1432945344129555,0.45597070645101323,0.8,2.466666666666667,2.466666666666667,3323,1.0327132940292358,1.1004784107208252,1.258795976638794,1.9304556846618652,0.0,3323.0,0,1.0,674.6755647324563,110.63261093911248,,63.0,63.0,0,1.0,8.986509497083752,1.5779153766769871,5.074142724745134,3.0,-0.85,-0.85,36,5.0,SEED_ROUND,5000000.0,SEED,2.485968514715948,8.0,0.85,2.956164383561644,business_development,0.45056120886630463,Sales,1.860534377469851,PRIVATE,Other,North America,2,0,4,0,0,0,0,0,13,28,2
urn:harmonic:company:3203316,0,0,"Alethea's main product is the Artemis platform, which employs machine learning to detect and analyze disinformation and social media manipulation by processing extensive data across various channels. This technology allows organizations to proactively identify potential threats and evaluate risks to their brand and reputation.",1.0,0.09009009009009007,0.85,0,0,1,2,0,2,North America,72,1.0,1.0322580337524414,1.2307692766189575,1.600000023841858,1.0,0.6363636363636364,32.0,17,18,0.49648597562921626,1.2666781560440639,0.3434199249226118,1.032258064516129,2.3225806451612905,2.25,4210,1.0491467714309692,1.1896284818649292,12.702479362487793,1.760595679283142,0.0,4210.0,0,1.0,887.430122444704,77.1124871001032,,3.0,3334.0,1,0.0008998200359928015,809.646414595079,-26.07946336429296,5.362718089990818,3.2,5.1,10.2,24,10.0,SERIES_A,10000000.0,SERIES_B,2.127310061601643,18.0,0.85,5.967123287671233,business_development,0.45056120886630463,Engineering,1.587337214335247,PRIVATE,Cybersecurity,North America,3,0,13,0,0,0,0,0,26,8,4
urn:harmonic:company:4424410,3,6,"The product is a developer insights platform that integrates both qualitative and quantitative data to enhance developer productivity and experience, featuring tools for performance measurement, analytics, and onboarding. It aims to provide a holistic view of developer effectiveness to optimize engineering workflows.",1.0,0.17400204708290684,0.8008196721311476,0,0,2,3,3,0,North America,206,1.25,1.2650601863861084,1.9811320304870605,2.1875,0.9166666666666666,0.5454545454545454,122.0,17,18,0.6439419410856456,1.3489241910843772,0.5089029093825568,0.6415094339622641,2.4819277108433737,1.6885245901639345,7784,1.1679487228393555,1.1908496618270874,1.3401986360549927,2.2044765949249268,122.0,7784.0,0,1.0,1512.8018599011111,223.06604747162035,4.171356199123374,474.0,474.0,0,1.0,31.835771388004424,5.2879256965944315,26.485832757429165,52.5,41.64262295081967,45.64672131147541,26,2.0,EARLY_STAGE_VC,2000000.0,SEED,2.965092402464066,98.0,0.8008196721311476,3.9643835616438357,sales,1.2054800289759788,Advisor,1.7195622582447154,PRIVATE,Infrastructure,Europe,4,0,10,0,0,2,0,2,29,7,4
urn:harmonic:company:4299675,0,3,"J2 Health provides a cloud-based software solution that optimizes provider networks for health organizations, focusing on network adequacy and competitive positioning. The platform utilizes proprietary data and analytics to enhance contracting processes and identify in-demand providers, supporting market expansion.",1.0,0.05076142131979695,0.9850000000000001,1,0,1,2,0,1,North America,33,1.1666666269302368,1.3125,1.75,2.0999999046325684,0.9166666666666666,0.5454545454545454,21.0,17,18,0.46922408751163136,1.2893422549672549,0.28821971806256697,1.0,2.0625,1.5714285714285714,6117,1.0757426023483276,1.1047279834747314,1.5723588466644287,2.2849631309509277,20.0,6117.0,0,1.0,1282.2068967775017,174.05469556243554,5.726359028835106,17.0,18.0,8,0.9444444444444444,3.0529103226116057,0.4148606811145516,4.2277992277992285,4.666666666666667,8.865,10.835,26,4.5,SEED,4500000.0,SEED,2.7679671457905544,12.0,0.9850000000000001,4.967123287671233,business_development,0.9404479886553264,Engineering,1.540305825226517,PRIVATE,Healthcare Software,North America,6,0,2,0,0,0,0,1,6,20,7
urn:harmonic:company:11191879,1,1,"Procurement Sciences offers an AI-driven platform designed to automate key components of the bidding process for government contractors, including proposal generation, opportunity matching, and document analysis. Utilizing generative AI, the platform aims to improve operational efficiency and provide quick insights to enhance the chances of winning government contracts.",1.0,0.09009009009009007,0.85,0,0,0,0,0,0,North America,30,1.0,1.1111111640930176,2.0,10.0,0.8,0.5555555555555556,10.0,12,13,1.0289861194312555,2.3216666666666668,1.3624607820836714,0.8333333333333334,5.0,3.0,4437,1.2564102411270142,1.482894778251648,3.9268293380737305,563.5,0.0,4437.0,0,1.0,1174.9296105484743,123.41382868937043,,11.0,11.0,0,1.0,,,4.879679144385027,6.666666666666667,4.25,7.6499999999999995,8,1.5,SEED_ROUND,1500000.0,SERIES_A,1.7193702943189597,9.0,0.85,2.0493150684931507,business_development,0.45056120886630463,Advisor,1.6731183626432506,PRIVATE,Other,North America,4,0,2,0,0,0,1,0,8,8,4
urn:harmonic:company:21435391,0,0,"Gradient offers an AI automation platform that streamlines complex data workflows through a systematic approach involving data ingestion, transformation, and integration. The platform employs AI models and APIs to facilitate seamless integration while ensuring compliance with standards such as SOC 2 and HIPAA.",1.0,0.09090909090909091,0.88,0,0,2,1,0,0,North America,35,1.1428571939468384,1.1428571939468384,1.0952380895614624,,1.0,1.0,25.0,6,6,0.2467748290515513,1.3583333333333334,0.4360491817317043,1.05,1.6666666666666667,1.4,9574,1.6529347896575928,1.8035004138946533,,,25.0,9574.0,0,1.0,3153.3142406046372,,5.9505383804953365,4773.0,4773.0,0,1.0,2673.709096617157,,8.096118299445472,0.9448818897637796,1.8365216391839223,,52,25.4,SEED,10000000.0,SEED,1.2073921971252566,2.086956408163548,0.88,2.9643835616438357,business_development,0.7214636866925115,Advisor,1.5694326398672271,PRIVATE,Infrastructure,North America,6,0,3,0,0,0,0,1,20,46,6
urn:harmonic:company:3053348,4,5,"Plenful provides an AI-driven workflow automation platform tailored for pharmacy and healthcare operations, primarily aimed at automating document-based data entry and uncovering revenue opportunities. The platform employs technologies such as optical character recognition (OCR), Human-in-the-loop AI, and data centralization to improve operational efficiency.",1.0,0.05,1.0,2,0,1,0,0,2,North America,36,1.0714285373687744,1.1538461446762085,1.1538461446762085,1.1538461446762085,0.5833333333333334,0.5454545454545454,20.0,17,18,0.4087052727822336,1.1697344322344325,0.5104620385125879,0.9230769230769231,2.769230769230769,1.8,10156,1.0781906843185425,1.499268651008606,2.3455376625061035,5.413732528686523,20.0,10156.0,0,1.0,2276.0855256912987,279.8163054695561,6.232055012025913,20.0,20.0,0,1.0,4.133791878423205,0.5417956656346749,3.783690393918452,0.8333333333333334,2.0,2.0,22,18.0,SERIES_UNKNOWN,9000000.0,SERIES_A,1.1937029431895962,3.0,1.0,3.9643835616438357,business_development,1.286057336874379,Sales,1.6524102538843108,PRIVATE,Healthcare Software,North America,4,0,5,0,0,0,1,1,16,15,5
urn:harmonic:company:10749556,2,0,"The platform provides Active Application Security Posture Management (ASPM) that integrates various application security practices to enhance visibility and traceability throughout the software development lifecycle. It utilizes CI/CD security posture management, workflow automation, and supports integration with multiple security tools to effectively address application security risks.",1.0,0.445859872611465,0.6752688172043011,0,0,1,1,2,2,North America,138,0.9878048896789551,1.1408450603485107,1.1571428775787354,2.076923131942749,1.0,0.36363636363636365,93.0,14,15,0.4054287068762903,1.3178812449565473,0.2527307754617856,1.0142857142857142,1.943661971830986,1.4838709677419355,6477,1.0332860946655273,1.3221567869186401,1.484231948852539,2.745061159133911,93.0,6477.0,0,1.0,1375.9247003206174,197.98658410732725,4.257669618325401,,,,,,,20.43192812715964,2.3823529411764706,7.427956989247312,28.361290322580647,32,34.0,SERIES_UNKNOWN,,SEED,1.3470225872689938,53.0,0.6752688172043011,3.9643835616438357,sales,0.8743632181676798,Sales,1.6558199470614503,PRIVATE,Other,North America,6,0,16,0,0,0,1,1,20,11,8
urn:harmonic:company:3333922,0,8,"Defense Unicorns offers a secure, open-source software delivery platform designed for the Department of Defense, facilitating rapid application deployment in both connected and disconnected environments. The platform features a centralized repository for trusted applications and utilizes a DevSecOps framework to address the specific security and operational requirements of military missions.",1.0,0.09009009009009007,0.85,0,0,1,4,0,2,North America,184,1.057692289352417,1.2222222089767456,1.1481481790542603,,1.0,0.5,55.0,6,7,0.8105415481867951,2.162307762307762,1.6685568417547434,1.1818181818181819,4.088888888888889,3.3454545454545452,23065,1.0483444929122925,1.2015674114227295,12.739067077636719,12.739067077636719,0.0,23065.0,0,1.0,5920.570838187818,770.7244582043343,,315.0,315.0,0,1.0,112.93656036318207,,13.873531444367657,55.0,6.032259160565505,,13,0.5043,ANGEL,504300.0,SERIES_A,2.184804928131417,7.0967754830182415,0.85,3.9643835616438357,business_development,0.45056120886630463,Engineering,0.8875393029064591,PRIVATE,Other,North America,2,0,3,0,0,0,1,1,9,3,2
urn:harmonic:company:3215672,0,0,"LiveKit offers an open-source platform designed for real-time voice and video applications, leveraging a WebRTC stack to ensure low-latency streaming and effective speaker detection. Its features include session recording, noise cancellation, and integration with telephony networks, making it suitable for scalable solutions across mobile and web environments.",1.0,0.09009009009009007,0.85,1,0,3,1,2,1,North America,32,1.0,1.076923131942749,1.1666666269302368,1.5555555820465088,0.8333333333333334,0.5454545454545454,14.0,17,18,0.6283331481266654,1.3264554889554891,0.43494871481379477,1.0,2.4615384615384617,2.2857142857142856,1736,1.0252101421356201,1.2448979616165161,,,0.0,1736.0,0,1.0,682.4993040289492,,,3833.0,3833.0,0,1.0,881.0297762656304,90.30478156174743,3.7163636363636363,1.9178082191780823,1.7,4.25,40,7.3,SEED,7300000.0,SERIES_A,2.2861054072553046,12.0,0.85,3.767123287671233,business_development,0.45056120886630463,Engineering,1.86177110055126,PRIVATE,Infrastructure,North America,19,0,6,0,0,0,0,2,15,29,17
urn:harmonic:company:602158,2,2,"Sublime Security provides a cloud-based email security platform that utilizes AI-driven detection methods and a transparent detection engine to combat various email threats, including phishing and malware. The technology integrates through APIs and webhooks, employing Message Query Language and behavioral AI to improve visibility and control over email security incidents.",1.0,0.11538461538461539,0.9629629629629629,2,0,1,0,0,1,North America,59,1.125,1.125,1.350000023841858,1.7999999523162842,0.9166666666666666,0.45454545454545453,27.0,17,18,0.5600014001561294,1.2937416932482722,0.3794223277250158,1.0,2.4583333333333335,2.185185185185185,2823,1.10869562625885,1.2157330513000488,1.6693944931030273,3.984375,27.0,2823.0,0,1.0,609.6276587827534,84.0846233230134,4.6592374072583675,2189.0,2189.0,0,1.0,369.1491763218292,60.51083591331269,4.524793388429752,2.3275862068965516,6.7407407407407405,11.555555555555555,48,11.6,SEED,9800000.0,SERIES_B,1.8261464750171115,17.0,0.9629629629629629,5.967123287671233,business_development,1.2406842919533958,Engineering,1.6704091259319993,PRIVATE,Cybersecurity,North America,14,0,6,0,0,0,0,1,18,42,15
urn:harmonic:company:12756714,1,11,"The primary offering is an autonomous software engineering platform that utilizes AI to streamline the software development lifecycle, encompassing tasks such as ideation, feature planning, coding, testing, code review, and documentation. The platform also incorporates advanced security measures to ensure compliance and protect intellectual property.",1.0,0.09009009009009007,0.85,2,0,0,3,0,3,North America,58,1.2142857313156128,1.2592592239379883,14.166666984558105,,0.8,0.5,170.0,7,8,0.7619895187561587,6.334061573627629,5.363652977451541,0.42962962962962964,11.666666666666666,0.3411764705882353,4519,2.949720621109009,3.115044355392456,5.333333492279053,,0.0,4519.0,0,1.0,1504.27248671433,,,5906.0,5906.0,0,1.0,2381.8806015415635,,99.43910256410255,34.0,134.29999999999998,,44,5.0,SEED,5000000.0,SERIES_A,1.1307323750855578,153.0,0.85,1.7095890410958905,business_development,0.45056120886630463,Engineering,1.2968197574066251,PRIVATE,Horizontal Software,North America,9,0,1,0,0,0,0,0,7,40,9
urn:harmonic:company:10894886,5,7,"Tennr provides an intelligent automation platform specifically designed for healthcare operations, leveraging its proprietary RaeLM™ document reasoning model, which is trained on a large dataset of medical documents to enhance document classification and facilitate EHR integration. The platform features a no-code interface that enables users to develop customized workflows and reusable components.",1.0,0.15789473684210525,1.0,4,0,0,1,0,2,North America,64,1.0,1.0,1.100000023841858,,1.0,0.7142857142857143,19.0,10,11,1.3113347266934168,2.171022727272727,1.5962913362247686,1.1,5.818181818181818,3.3684210526315788,4213,1.0,1.0712589025497437,1.3072463274002075,,19.0,4213.0,0,1.0,1181.689083857971,,5.405990994371694,,,,,,,2.7747062888735314,2.2,1.0,,40,5.0,SEED,,SERIES_B,1.83709787816564,7.0,1.0,3.9643835616438357,business_development,0.5859526183035508,Sales,1.6725827689365125,PRIVATE,Horizontal Software,North America,9,3,4,0,0,0,0,0,9,34,9
urn:harmonic:company:1704422,3,3,"Prepared offers an AI-driven platform that enhances emergency response call processing by centralizing essential data and enabling real-time collaboration. Key features include live call transcription, audio and text translation, and an analytics dashboard, all supported by a cloud-based architecture that integrates with existing systems.",1.0,0.09009009009009007,0.85,3,0,0,1,0,1,North America,72,1.0,1.0,1.0,1.0,0.08333333333333333,1.0,13.0,17,18,0.8543201383619038,1.3782051282051284,1.3101409954687662,1.0,5.538461538461538,5.538461538461538,6525,1.0,1.0,1.0,1.0,0.0,6525.0,0,1.0,1484.2171337105633,110.47368421052623,,75.0,75.0,0,1.0,0.0,0.0,2.6172090457804744,0.8940852819807429,0.0,0.0,45,14.54,SERIES_UNKNOWN,11900000.0,SERIES_B,2.948665297741273,0.0,0.85,4.967123287671233,business_development,0.45056120886630463,Sales,1.7966007590285447,PRIVATE,Other,North America,15,0,7,0,0,2,1,0,26,39,16
urn:harmonic:company:1449433,3,4,"QA Wolf offers a hybrid platform and service that automates end-to-end testing for web and mobile applications, achieving 80% test coverage within four months by utilizing Playwright for web and Appium for mobile testing. The solution allows for unlimited parallel test runs and integrates seamlessly with CI/CD processes to maintain consistent testing results.",1.0,0.09009009009009007,0.85,1,0,0,0,0,0,North America,156,0.9718309640884399,1.4375,2.299999952316284,5.307692527770996,0.9166666666666666,0.45454545454545453,69.0,17,18,1.0979742692117012,1.8752585431364501,0.6927302141745462,1.0,3.25,2.260869565217391,10376,1.1065759658813477,1.7183098793029785,3.3771626949310303,8.561403274536133,0.0,10376.0,0,1.0,2693.8591307793945,213.1651186790504,,536.0,536.0,0,1.0,112.34279866446583,11.097007223942214,11.5633608815427,3.432835820895522,33.15,47.6,9,20.1,EARLY_STAGE_VC,20100000.0,SERIES_B,2.2833675564681726,66.0,0.85,5.967123287671233,business_development,0.45056120886630463,Engineering,1.117115673364451,PRIVATE,Infrastructure,North America,12,0,0,0,0,0,0,0,7,9,13
urn:harmonic:company:796251,2,3,"AcuityMD offers a commercial platform tailored for the medical technology sector, utilizing integrated healthcare data to enhance pipeline management, demand forecasting, and product adoption tracking. The platform features dynamic insights and user-friendly filters that assist users in identifying target markets and refining their sales and marketing strategies.",1.0,0.09009009009009007,0.85,2,0,0,2,0,4,North America,171,1.0555555820465088,1.1399999856948853,1.4249999523162842,2.590909004211426,1.0,0.5454545454545454,57.0,17,18,0.9151066669370433,1.457148128977839,0.6346915759644736,1.08,3.42,3.0,6790,1.2300150394439697,1.6084812879562378,,,0.0,6790.0,0,1.0,2545.690318950834,,,84.0,84.0,0,1.0,23.49874840221471,4.261093911248712,9.552341597796143,1.5,14.45,29.75,41,38.0,SERIES_A,31000000.0,SERIES_B,2.6064339493497606,47.0,0.85,5.967123287671233,business_development,0.45056120886630463,Engineering,1.7974852058398656,PRIVATE,Healthcare Software,North America,10,0,6,0,0,0,0,0,25,30,12
urn:harmonic:company:1710563,0,1,"Pallet is a recruitment platform that leverages exclusive networks and community leaders to connect companies with candidates, particularly in the tech and product management fields. This method enhances recruitment efficiency by improving response rates and accessing hard-to-reach talent pools.",1.0,0.09009009009009007,0.85,0,0,0,0,1,0,North America,24,1.0416666269302368,1.0,1.0,1.0416666269302368,0.25,0.7272727272727273,25.0,17,18,0.2626859590556267,0.9642573544027032,0.1368913569771129,0.5581395348837209,1.0833333333333333,0.96,4037,1.0186588764190674,1.0389533042907715,1.093241572380066,1.377217173576355,0.0,4037.0,0,1.0,557.5341866478196,102.31682146542835,,8079.0,8680.0,13,0.9307603686635945,158.4367773539359,-19.798761609907125,5.033094318808605,2.293577981651376,0.0,0.85,9,10.9,SEED,3900000.0,SEED,2.9897330595482545,-14.0,0.85,4.967123287671233,business_development,0.45056120886630463,Operations,1.0335620542068176,PRIVATE,Other,North America,9,0,5,0,0,0,0,0,7,3,9
urn:harmonic:company:773835,0,7,"Clerk offers a user management platform that includes customizable user interfaces and APIs tailored for modern web frameworks, emphasizing security features such as session management, multifactor authentication, and bot detection. The platform supports various authentication methods, including social sign-on, and is designed to handle multi-tenancy for user administration.",1.0,0.05235602094240837,0.7074074074074075,3,0,4,0,0,2,North America,146,1.0952380895614624,1.2777777910232544,1.2777777910232544,1.4375,0.6666666666666666,0.6363636363636364,54.0,17,18,1.2656777851455563,1.663309110193785,2.031893095116999,0.9444444444444444,8.11111111111111,2.7037037037037037,4820,1.2470389604568481,1.4594058990478516,1.7975609302520752,2.2888197898864746,54.0,4820.0,0,1.0,1052.7104589855257,95.93498452012378,4.502686187620877,22314.0,22314.0,0,1.0,5057.995614109698,534.2033023735809,4.788933257273246,3.5384615384615383,3.537037037037037,4.951851851851853,30,6.5,SEED,6300000.0,SERIES_B,2.0533880903490758,11.0,0.7074074074074075,4.802739726027397,sales,1.0549201679861442,Engineering,1.2341266755752798,PRIVATE,Infrastructure,Europe,15,0,3,2,0,0,2,0,16,23,15
urn:harmonic:company:4424857,4,1,"PermitFlow provides a construction permitting software that streamlines the preparation, submission, and tracking of permits across various municipalities, leveraging digitization to reduce errors and improve efficiency. The platform incorporates local expertise to facilitate collaboration among stakeholders, enhancing project timelines.",1.0,0.1724137931034483,0.9666666666666667,2,0,4,0,0,4,North America,74,1.375,2.75,5.5,,0.6666666666666666,0.8,24.0,8,9,2.062724122134201,5.666666666666667,6.853223086013373,0.5,18.5,3.0833333333333335,12124,1.195364236831665,1.5041667222976685,,,24.0,12124.0,0,1.0,5305.149997879419,,6.226865995817694,199.0,199.0,0,1.0,63.0,,3.710720887245841,11.0,8.7,,38,0.375,SEED,375000.0,SERIES_A,2.7104722792607805,9.0,0.9666666666666667,2.9643835616438357,business_development,0.6869615765973234,Operations,1.7438359797333898,PRIVATE,Vertical Software,North America,16,3,5,0,1,0,0,3,11,26,19
urn:harmonic:company:4115957,4,3,"Vendelux offers an AI-driven platform that utilizes a vast database of over 200,000 B2B events to provide insights on attendees and sponsors, aiding in the optimization of marketing strategies and event participation. The technology fosters collaboration between marketing and sales teams, enhancing the evaluation of return on investment and supporting revenue growth.",1.0,0.1724137931034483,0.9157894736842105,2,0,2,2,0,1,North America,64,1.2173912525177002,1.3333333730697632,1.4736841917037964,1.6470588445663452,0.75,0.6363636363636364,38.0,17,18,0.5327130408268835,1.2525130739430275,0.5768854338887629,0.8888888888888888,3.0476190476190474,1.6842105263157894,11555,1.2215280532836914,1.2277227640151978,2.5741772651672363,4.208609104156494,38.0,11555.0,0,1.0,3148.68203157253,551.4943240454078,5.7205705869440155,98.0,101.0,5,0.9702970297029703,3.6136994243312164,0.4437564499484003,8.933566433566433,1.5686274509803921,8.242105263157894,10.073684210526315,23,17.85,SERIES_A,14750000.0,SERIES_A,1.1197809719370295,12.0,0.9157894736842105,3.1342465753424658,business_development,1.276257364236179,Sales,1.7908444719307193,PRIVATE,Data,Europe,24,0,7,1,0,0,1,2,17,11,22
urn:harmonic:company:824671,3,6,"Fieldguide provides an AI platform designed for advisory and audit firms, utilizing artificial intelligence and cloud technologies to enhance engagement processes across various regulatory frameworks, including SOC 2 and PCI. Key features include document management, automated reporting, and real-time collaboration, which collectively improve visibility and control during client engagements.",1.0,0.09009009009009007,0.85,4,0,3,1,0,5,North America,93,1.0208333730697632,1.2894736528396606,1.6896551847457886,2.882352828979492,1.0,0.6363636363636364,49.0,17,18,0.6291661038556324,1.3983821190759926,0.3656760834242903,1.0666666666666667,2.4473684210526314,1.8979591836734695,8587,1.0556212663650513,1.1683038473129272,1.3926619291305542,2.6468842029571533,0.0,8587.0,0,1.0,1824.429455985975,199.48710010319914,,86.0,86.0,0,1.0,14.233607702732785,2.4468524251806003,10.386178861788617,2.8823529411764706,17.0,27.2,53,17.0,PRE_SEED,17000000.0,SERIES_B,2.6365503080082138,34.0,0.85,4.717808219178083,business_development,0.45056120886630463,Engineering,1.7863075080535882,PRIVATE,Vertical Software,North America,9,2,17,0,0,0,1,0,23,28,10
urn:harmonic:company:1841807,1,5,"Permiso Security offers a platform that combines Identity Security Posture Management (ISPM) and Identity Threat Detection and Response (ITDR) to safeguard identities across diverse environments, including cloud services. The technology utilizes advanced tracking and attribution techniques to identify and assess suspicious activities, facilitating prompt responses to identity-related threats.",1.0,0.08,0.8620689655172413,1,0,0,2,2,4,North America,56,1.0645161867141724,1.0645161867141724,1.1785714626312256,1.1785714626312256,0.5,0.6363636363636364,33.0,17,18,0.24392941729986095,1.112689649060617,0.23624756856150944,0.9285714285714286,1.8064516129032258,1.696969696969697,5249,1.0743613243103027,1.218313455581665,1.4700374603271484,2.2731659412384033,29.0,5249.0,0,1.0,1023.9666239965165,145.06501547987614,5.204006687076795,986.0,986.0,0,1.0,189.25630164519833,28.437564499484,6.643684500827359,3.3,4.310344827586206,4.310344827586206,38,10.0,SEED,10000000.0,SERIES_A,2.91854893908282,10.0,0.8620689655172413,4.967123287671233,business_development,1.3592367006650063,Engineering,1.6651164783257815,PRIVATE,Cybersecurity,North America,12,0,14,0,0,0,0,0,26,18,12
urn:harmonic:company:3281642,3,2,"The product is a platform that utilizes artificial intelligence to transform 2D sketches into detailed visuals, featuring collaborative workspaces, multiple rendering styles, and advanced drawing tools. It also allows for the import of 3D models and includes capabilities for texture control and layer management, enhancing design flexibility for users.",1.0,0.3448275862068966,0.7909090909090909,2,0,3,0,0,0,North America,41,1.0,0.75,1.0,1.5,0.5,0.6363636363636364,11.0,15,16,1.823670681440644,1.972222222222222,2.6436825147996195,0.75,10.25,3.727272727272727,20514,1.0478781461715698,1.9298597574234009,2.3093526363372803,6.6875,11.0,20514.0,0,1.0,5048.35933373408,390.2755417956653,7.531503661522258,1974.0,1974.0,0,1.0,462.6883348843963,36.93808049535603,0.7567380787836904,3.0,0.0,0.7909090909090909,18,0.0,PRE_SEED,0.0,SERIES_A,,1.5134761575673807,0.7909090909090909,3.9643835616438357,business_development,0.6829081047004717,Engineering,1.7014688682336978,PRIVATE,Horizontal Software,Europe,7,0,3,0,0,0,0,1,3,14,7
urn:harmonic:company:9076,5,3,"Transcend offers a privacy and data governance platform that utilizes AI and machine learning for data classification, enabling functionalities such as consent management, data visibility mapping, request automation, and risk assessments. The platform aims to enhance regulatory compliance and customer relationships through robust data security and integration with various databases and SaaS applications.",1.0,0.09009009009009007,0.85,3,0,0,3,0,3,North America,115,0.9882352948188782,0.9882352948188782,1.2000000476837158,1.2727272510528564,0.9166666666666666,0.45454545454545453,84.0,17,18,0.1914894285939923,1.104013728530345,0.11109033730979209,0.9850746268656716,1.3529411764705883,1.369047619047619,7134,1.0330231189727783,1.1053645610809326,1.3326878547668457,1.6300331354141235,0.0,7134.0,0,1.0,1215.575402360351,165.0804953560372,,813.0,814.0,7,0.9987714987714987,7.376876076876632,1.0216718266253764,10.543328748280606,2.88659793814433,11.9,15.299999999999999,35,29.1,ACCELERATOR_INCUBATOR,100000.0,SERIES_B,3.871321013004791,29.0,0.85,7.967123287671233,business_development,0.45056120886630463,Engineering,1.3174600255448132,PRIVATE,Other,North America,18,0,4,0,0,0,0,0,19,26,19
urn:harmonic:company:3275494,0,1,Exa provides a web API that facilitates the efficient retrieval and management of web content through semantic search and content scraping technologies. It employs embeddings and representation learning to generate datasets that are useful for training AI applications.,1.0,0.09009009009009007,0.85,2,0,0,0,0,3,North America,39,2.142857074737549,2.5,3.0,3.0,0.4166666666666667,0.7272727272727273,15.0,17,18,1.1870279011584204,1.5569444444444445,1.5782047455432453,0.8,6.5,2.6,13690,1.2231913805007935,10.444687843322754,109.60919189453125,156.32786560058594,0.0,13690.0,0,1.0,3975.7382767969316,474.6057791537667,,12378.0,12378.0,0,1.0,,,4.125847776940467,15.0,8.5,8.5,21,0.125,PRE_SEED,125000.0,SERIES_A,3.6358658453114305,12.0,0.85,3.6356164383561644,business_development,0.45056120886630463,Engineering,1.4978961026092774,PRIVATE,Data,North America,4,2,3,0,0,0,0,0,3,16,4
urn:harmonic:company:3613480,2,4,"Rogo offers a generative AI platform tailored for financial institutions, leveraging advanced large language models to improve research efficiency and automate the creation of financial documents. The platform integrates diverse datasets while ensuring data security through industry-standard encryption practices.",1.0,0.05,0.9523809523809523,2,0,2,1,0,3,North America,40,1.1666666269302368,1.1666666269302368,1.2727272510528564,0.875,0.4166666666666667,0.6363636363636364,21.0,17,18,0.40219026835634797,1.131222195560431,0.7129064309125567,0.6111111111111112,3.3333333333333335,1.9047619047619047,4338,1.1062874794006348,1.5300207138061523,1.8024389743804932,2.2462005615234375,21.0,4338.0,0,1.0,948.8389344506326,92.35603715170275,5.33547551451497,731.0,731.0,0,1.0,181.66636085601172,-7.403508771929839,3.531444367657222,2.8,2.8571428571428568,-1.9047619047619047,36,5.0,EARLY_STAGE_VC,1500000.0,SERIES_A,2.299794661190965,3.0,0.9523809523809523,3.9643835616438357,business_development,0.6837389058487535,Engineering,1.3082839973205975,PRIVATE,Data,North America,11,0,6,1,0,0,0,1,7,24,10
urn:harmonic:company:3309146,6,0,"The main product is a platform for Application Security Posture Management that automates security processes across the software supply chain, utilizing technologies such as auto-discovery, vulnerability management consolidation, and risk prioritization. It also incorporates continuous compliance monitoring to address security challenges in agile development environments.",1.0,0.1645338208409506,0.7927536231884059,3,0,1,5,1,5,North America,98,1.0,1.0597014427185059,1.2909090518951416,2.4482758045196533,1.0,0.45454545454545453,71.0,14,15,0.41977513968690083,1.3811403745606086,0.24737733825031583,1.126984126984127,1.8235294117647058,1.380281690140845,10792,1.0957398414611816,1.291576623916626,113.9047622680664,,69.0,10792.0,0,1.0,3203.4168234003587,,5.058827165682777,143.0,143.0,0,1.0,33.22731625416873,,17.909467864547338,2.3666666666666667,12.684057971014495,33.29565217391305,50,30.0,SERIES_A,30000000.0,SERIES_B,2.855578370978782,54.0,0.7927536231884059,3.9643835616438357,sales,0.6853142072764582,Engineering,1.7339002072353455,PRIVATE,Cybersecurity,Europe,6,0,24,0,0,0,0,1,45,18,5
urn:harmonic:company:12399189,1,2,"Unify provides an AI-driven email platform that automates outreach for sales teams, enhancing workflow efficiency through the integration of technologies such as OpenAI, Clearbit, and 6sense. The platform utilizes intent data to identify leads and enable personalized engagement.",1.0,0.0,1.0,1,0,0,0,0,1,North America,34,1.0,1.1428571939468384,1.3333333730697632,,1.0,0.5,11.0,9,10,1.0097783919212897,1.980952380952381,1.4357781185630736,1.1428571428571428,4.857142857142857,3.090909090909091,5410,1.5478723049163818,1.7117646932601929,2.694444417953491,,11.0,5410.0,0,1.0,1673.9686211050805,,6.200140306461968,830.0,830.0,0,1.0,239.42312614560305,,4.07252440725244,8.0,2.0,,27,0.4218499999999999,SEED,,SERIES_A,1.8179329226557153,6.0,1.0,1.9643835616438357,business_development,0.5623351446188083,Engineering,1.8313500005501564,PRIVATE,Other,North America,17,0,0,0,0,0,0,0,0,28,18
urn:harmonic:company:3240354,12,0,"Regie.ai provides a generative AI platform designed to automate prospecting and personalized outreach for sales teams, employing technologies such as audience discovery, content generation, and engagement prioritization. The platform utilizes data-driven insights to enhance sales processes and increase lead conversion rates.",1.0,0.31523642732049034,0.8784615384615385,3,0,3,1,0,1,North America,69,1.1132075786590576,1.1132075786590576,1.0727273225784302,1.0727273225784302,0.25,0.45454545454545453,65.0,17,18,0.15031861276281455,1.0432739121285628,0.11521311806214087,0.9464285714285714,1.3018867924528301,1.0615384615384615,13123,1.055413842201233,1.0919355154037476,1.3199219703674316,2.308431386947632,65.0,13123.0,0,1.0,2796.950870716648,477.74097007223975,5.312675334295984,285.0,285.0,0,1.0,32.91824890712006,,11.878102592388307,2.8365384615384612,3.513846153846154,3.513846153846154,51,20.8,SERIES_A,6000000.0,SERIES_A,1.8590006844626967,33.0,0.8784615384615385,4.967123287671233,business_development,1.2893422492320048,Advisor,1.7203531245272512,PRIVATE,Horizontal Software,North America,5,0,22,2,0,0,0,1,44,25,5
urn:harmonic:company:606791,1,5,"Phaidra offers an AI-driven virtual plant operator that utilizes deep reinforcement learning for real-time control and optimization in critical facilities, aimed at improving stability, energy efficiency, and sustainability. The system integrates with existing building automation and management systems, providing operators with access to real-time and historical performance data for continuous enhancement.",1.0,0.037037037037037035,0.7105263157894737,2,0,1,8,0,1,North America,89,1.0399999618530273,1.1142857074737549,1.2999999523162842,1.3448275327682495,0.75,0.6363636363636364,78.0,17,18,0.19257934630279885,1.1009819033059902,0.09966101377899075,0.967741935483871,1.2714285714285714,1.141025641025641,6167,1.139509677886963,1.3008230924606323,1.8950839042663574,2.976459503173828,76.0,6167.0,0,1.0,1284.3024110413153,187.54076367389058,4.408482774775413,71.0,71.0,0,1.0,15.179212651914003,2.4840041279669767,13.071625344352618,2.557377049180328,12.789473684210526,14.210526315789473,49,30.5,SERIES_A,25000000.0,SERIES_A,2.431211498973306,43.0,0.7105263157894737,5.967123287671233,business_development,0.39267446722755217,Engineering,1.7057670717471185,PRIVATE,Other,Europe,19,0,3,1,0,0,0,1,8,44,19
urn:harmonic:company:12590741,2,1,"Crux offers a platform designed for the management of transferable tax credits, featuring tools that facilitate transaction processes, improve price discovery, and connect developers with financial institutions. The platform also includes compliance management features and access to a network of regulatory experts to support users in navigating tax credit transactions.",1.0,0.09009009009009007,0.85,1,0,3,0,1,8,North America,42,,1.100000023841858,1.0666667222976685,,0.75,0.5454545454545454,42.0,6,2,0.04561982917473231,,,,,1.0,6375,,,,,0.0,6375.0,0,1.0,,,,600.0,600.0,0,1.0,,,21.380753138075313,1.8421052631578947,2.2312517455312446,,71,22.8,SERIES_A,18200000.0,SERIES_A,0.8843258042436687,2.6250020535661704,0.85,1.9643835616438357,business_development,0.45056120886630463,Engineering,1.7302380457053697,PRIVATE,FinTech,North America,21,0,14,0,0,0,1,2,21,46,21
urn:harmonic:company:12815640,0,1,"Stacklok offers a software security platform designed to protect the software supply chain for open source developers by assessing supply chain risks, ensuring the integrity of build environments, and enforcing security policies across source code repositories and open source dependencies. The platform employs technologies such as cryptographic signing for build artifacts and integrates seamlessly with existing developer workflows to improve security practices.",1.0,0.0,0.8166666666666668,1,0,0,1,0,1,North America,38,1.1666666269302368,1.1666666269302368,4.199999809265137,,1.0,0.5,24.0,7,8,0.823307316998185,4.389494949494949,3.7985571772602578,1.6363636363636365,11.0,1.5833333333333333,1761,1.5854483842849731,1.649647831916809,3.253472328186035,,24.0,1761.0,0,1.0,502.0256111850413,,4.309119863865794,317.0,317.0,0,1.0,62.4200917745469,,10.690376569037657,1.2,13.066666666666668,,24,17.5,SERIES_A,17500000.0,SERIES_A,1.593429158110883,20.0,0.8166666666666668,1.9643835616438357,business_development,0.7963116401738131,Engineering,1.2293362159076602,PRIVATE,Cybersecurity,Europe,3,0,6,0,0,0,0,0,21,18,3
urn:harmonic:company:2129540,4,0,"Conduktor provides an enterprise platform tailored for Apache Kafka, featuring tools that enhance governance and optimize data streaming processes, including a Console Gateway and Conduktor Desktop. The platform emphasizes secure data management and offers a Kafka Playground for testing and experimentation with data streaming technologies.",1.0,0.31250000000000006,0.6399999999999999,1,0,1,1,0,2,North America,74,0.9642857313156128,0.9818181991577148,0.9152542352676392,0.7105262875556946,0.3333333333333333,0.5454545454545454,55.0,17,18,0.12824098642059792,0.9717890845096875,0.16283647992245606,0.7948717948717948,1.3454545454545455,1.3454545454545455,11062,1.002258062362671,1.0198030471801758,1.0406385660171509,1.1016428470611572,55.0,11062.0,0,1.0,745.6885662986235,123.70485036119724,5.308897562001144,1634.0,1634.0,0,1.0,85.0073622340261,14.966976264189885,11.243582430119794,2.4545454545454546,-3.1999999999999993,-14.079999999999998,21,22.0,SERIES_A,20000000.0,SERIES_B,3.07460643394935,-2.0,0.6399999999999999,4.802739726027397,sales,1.1220934680932761,Sales,1.5802228231302653,PRIVATE,Infrastructure,Europe,10,0,7,0,0,0,0,0,15,10,12
urn:harmonic:company:21555289,0,5,"Norm Ai provides a regulatory compliance platform that utilizes AI agents to proactively identify and mitigate compliance risks, streamlining compliance processes. The technology is based on networks of large language models that interpret complex regulations, enabling compliance teams to evaluate actions against legal standards effectively.",1.0,0.09009009009009007,0.85,3,0,4,2,1,1,North America,30,,1.100000023841858,1.0666667222976685,,0.75,0.5454545454545454,11.0,6,2,0.6906624655207247,,,,,2.727272727272727,3562,,,,,0.0,3562.0,0,1.0,,,,646.0,646.0,0,1.0,,,5.599721059972106,11.0,0.5843754571629446,,38,0.0,,0.0,SERIES_A,,11.199442119944212,0.85,1.9643835616438357,business_development,0.45056120886630463,Engineering,1.328157990622606,PRIVATE,Vertical Software,North America,19,0,5,0,0,0,2,4,10,24,18
urn:harmonic:company:1842794,5,2,"Siro is an AI-driven application that records and transcribes in-person sales conversations, facilitating real-time coaching and performance analysis. The technology leverages data from numerous sales interactions to identify key moments for training, aiming to improve close rates and overall sales effectiveness.",1.0,0.0,1.0,3,0,1,0,0,3,North America,38,0.8571428656578064,1.0,0.8571428656578064,0.8571428656578064,0.3333333333333333,0.6363636363636364,16.0,17,18,0.8543413019489355,1.4758267195767196,1.5561662767541755,0.7,6.333333333333333,2.375,2130,1.0056179761886597,1.01129949092865,1.0750750303268433,1.5497835874557495,16.0,2130.0,0,1.0,448.229006011509,46.97626418988645,4.898772200950862,,,,,,,1.207942636514065,6.0,-1.0,-1.0,44,0.4218499999999999,PRE__SEED,,SERIES_A,3.383983572895277,0.0,1.0,4.967123287671233,sales,0.0,Sales,1.6985613047986785,PRIVATE,Vertical Software,North America,10,0,15,0,0,0,0,0,30,28,10
urn:harmonic:company:48201423,0,1,"Browserbase offers a platform for managing headless browsers tailored for AI applications, leveraging technologies such as Puppeteer, Playwright, and Selenium. Key features include autoscaling, serverless infrastructure, advanced debugging tools, configurable fingerprinting, and automatic Captcha solving to optimize browser automation processes.",1.0,0.09009009009009007,0.85,1,0,2,0,0,1,North America,19,,1.100000023841858,1.0666667222976685,,0.75,0.5454545454545454,19.0,6,2,0.04561982917473225,,,,,1.0,1412,,,,,0.0,1412.0,0,1.0,,,,3728.0,3728.0,0,1.0,,,19.814285714285717,0.6909090909090909,1.0093757896450857,,21,27.5,SERIES_A,21000000.0,SERIES_A,0.13963039014373715,0.0,0.85,0.958904109589041,business_development,0.45056120886630463,Advisor,1.2052156773503675,PRIVATE,Other,North America,14,1,5,0,0,0,0,0,7,13,14
urn:harmonic:company:773593,2,0,"Pomerium provides a zero-trust reverse proxy that facilitates secure, clientless access to internal web applications and services, serving as an alternative to traditional corporate VPNs. It utilizes identity and context-driven access controls, integrating with existing identity providers to manage access across various applications.",1.0,0.21126760563380284,0.9466666666666667,4,0,1,1,0,1,North America,20,1.076923131942749,1.076923131942749,1.076923131942749,1.1666666269302368,0.25,0.8181818181818182,15.0,17,18,0.13565551908811846,1.0587606837606838,0.15444796176264172,1.0,1.5384615384615385,1.3333333333333333,1717,1.0666667222976685,1.0833333730697632,1.0721648931503296,1.2919254302978516,15.0,1717.0,0,1.0,364.49463626956305,30.557275541795654,4.748981888020171,209.0,209.0,0,1.0,13.422861193291803,2.2858617131062977,2.3461891643709825,0.5533596837944664,0.9466666666666667,1.8933333333333333,14,25.3,ANGEL_INDIVIDUAL,20000000.0,SERIES_A,1.568788501026694,2.0,0.9466666666666667,5.967123287671233,business_development,1.4735023850806486,Sales,1.5498260458782016,PRIVATE,Infrastructure,North America,9,1,5,0,0,0,0,1,10,8,8
urn:harmonic:company:1869576,2,4,"Tavus offers a developer platform that utilizes advanced AI technologies to create hyper-realistic talking-head videos from text, employing neural radiance fields for dynamic three-dimensional facial representations. Key functionalities include lip syncing, dubbing, and customizable video campaigns, which enhance the realism and personalization of the generated content.",1.0,0.0,0.9294117647058824,8,0,2,2,0,2,North America,31,0.9285714030265808,1.0833333730697632,1.1818181276321411,1.625,0.75,0.6363636363636364,17.0,17,18,0.5194958316653244,1.2664351851851852,0.4504308523409542,0.8333333333333334,2.5833333333333335,1.8235294117647058,8385,1.0404493808746338,1.1265206336975098,1.311614751815796,1.6360423564910889,17.0,8385.0,0,1.0,1833.3848557822673,161.21052631578945,6.203011707673111,1339.0,1339.0,0,1.0,,,2.6172090457804744,3.1395619828024457,1.8588235294117648,4.647058823529412,21,4.140705,SEED,4140705.0,SERIES_A,2.6365503080082138,4.0,0.9294117647058824,4.967123287671233,sales,0.0,Advisor,1.9154102438258456,PRIVATE,Horizontal Software,North America,19,3,1,0,0,0,0,0,5,16,19
urn:harmonic:company:4171866,0,4,"Footprint offers an onboarding platform that combines identity verification and fraud prevention, employing technologies such as biometrics and passkeys to enhance security and compliance. The platform allows for customizable user experiences while securely managing sensitive data through advanced monitoring and verification processes.",1.0,0.06329113924050633,0.8777777777777778,3,1,2,2,0,1,North America,23,1.0,1.0,1.2000000476837158,1.5,1.0,0.6363636363636364,18.0,15,16,0.25001575249678637,1.157741251123604,0.081543465392232,1.0588235294117647,1.3076923076923077,1.2777777777777777,2498,1.0555555820465088,1.0811567306518555,1.3997584581375122,1.8396825790405273,18.0,2498.0,0,1.0,482.91405377492725,71.09391124871003,4.940053859924166,576.0,576.0,0,1.0,106.77122632639296,17.334365325077403,6.251189343482397,3.0,2.6333333333333333,5.266666666666667,24,6.0,SEED,6000000.0,SERIES_A,2.379192334017796,8.0,0.8777777777777778,2.8794520547945206,business_development,0.5004024235381879,Engineering,1.5306052420589422,PRIVATE,Cybersecurity,North America,21,0,0,0,0,0,0,0,2,19,21
